Rank,Provider,Coverage,Data Quality,MCP Availability,Confidence Score,Key Capabilities
1,Polygon.io,"Stocks, crypto, FX",High (tick-accurate),? Native,?????,"Core quantitative market data (OHLCV, trades, quotes, corporate actions, news)"
2,Finnhub,"Stocks, fundamentals, news, sentiment",High,? Community,????,"Analyst recommendations, price targets, news sentiment, alt data"
3,Financial Modeling Prep (FMP),"Stocks fundamentals, historical",High,?? Easy wrapper,????,"Company IS/BS/CF, valuations, 30y history"
4,CoinAPI,Crypto (multi-exchange),High,? Community,????,"Real-time & historical trades, quotes, OHLCV across 10+ exchanges"
5,Messari,Crypto fundamentals & metrics,Medium-High,?,???,"Token profiles, supply, sectors, metrics, governance data"
6,Glassnode,On-chain metrics (BTC/ETH),High,?,????,"Network activity, realized cap, active addresses, inflows"
7,Alpha Vantage,"Stocks, FX, crypto, macro",Medium,? Official,???,"Technical indicators, macroeconomic data, multi-asset EOD"
8,Alpaca,"Stocks, options, crypto (execution)",High,?,????,"Paper/live trading, orders, positions, portfolios"
9,Binance / Kraken / Coinbase,Crypto exchanges (execution),High,?,????,"Trading data, account management, order books, execution APIs"
10,CryptoCompare,"Crypto prices, social, sentiment",Medium,?,???,"Historical EOD/intraday, social sentiment, news feeds"
11,CoinGecko,"Crypto metadata, markets, categories",High,?,????,"Market cap, circulating supply, dominance, live prices"
12,Kaiko,Institutional crypto data,Very High,? Enterprise,?????,"Trade, quote, and order book aggregates across venues"
13,FreeCryptoAPI,Crypto EOD/live prices,Medium,?? Emerging,???,"3,000+ coins, volatility, technical endpoints, 100k free req/mo"
14,Twelve Data,"Global stocks, FX, crypto",Medium-High,? Official,????,"Unified multi-asset market data, WebSocket streaming"
